NOME,TELEFONE,EMAIL,DATANASC
João da Silva, (11) 98765-4321, joao.silva@email.com, 15/03/1985
Maria Santos, (21) 99999-8888, maria.santos@email.com, 02/07/1990
Pedro Oliveira, (31) 12345-6789, pedro.oliveira@email.com, 10/11/1988
Ana Costa, (47) 55555-4444, ana.costa@email.com, 25/09/1995
Carlos Souza, (85) 77777-6666, carlos.souza@email.com, 12/06/1982
Luiza Almeida, (19) 22222-3333, luiza.almeida@email.com, 05/12/1992
Gabriel Pereira, (51) 66666-7777, gabriel.pereira@email.com, 17/08/1998
Juliana Rocha, (12) 33333-2222, juliana.rocha@email.com, 30/04/1987
André Santos, (92) 88888-9999, andre.santos@email.com, 22/01/1991
Camila Costa, (81) 77777-8888, camila.costa@email.com, 07/07/1989
Rafael Oliveira, (14) 44444-5555, rafael.oliveira@email.com, 18/09/1997
Fernanda Silva, (32) 66666-5555, fernanda.silva@email.com, 14/02/1986
Gustavo Rodrigues, (54) 33333-4444, gustavo.rodrigues@email.com, 23/11/1993
Isabela Almeida, (47) 55555-7777, isabela.almeida@email.com, 09/05/1994
Lucas Santos, (21) 99999-3333, lucas.santos@email.com, 26/10/1996